<?xml version="1.0" encoding="UTF-8"?>
<!DOCTYPE hibernate-configuration PUBLIC "-//Hibernate/Hibernate Configuration DTD 4.0//EN"
    "http://hibernate.org/dtd/hibernate-configuration-4.0.dtd">

<hibernate-configuration>

<session-factory>

    <property name="hbm2ddl.auto">update</property>
    <property name="dialect">org.hibernate.dialect.MySQL8Dialect</property>
    <property name="connection.url">jdbc:mysql://localhost:3306/Emp_Manage_1</property>
    <property name="connection.username">root</property>
    <property name="connection.password">Pratik@3690</property>
    <property name="connection.driver_class">com.mysql.cj.jdbc.Driver</property>
    <property name="show_sql">true</property>

    <mapping class="mit.day15.Employee"/>

</session-factory>

</hibernate-configuration>
